,cntry_type,count,percentage
0,1,945,46.898263027295286
1,0,1070,53.101736972704714
